YY_MM,GEN_VAL_MO_x_1220,GEN_VAL_MO_x_2010,GEN_VAL_MO_x_2050,GEN_VAL_MO_x_2110,GEN_VAL_MO_x_2150,GEN_VAL_MO_x_2230,GEN_VAL_MO_x_2250,GEN_VAL_MO_x_2470,GEN_VAL_MO_x_2740,GEN_VAL_MO_x_3010,GEN_VAL_MO_x_3310,GEN_VAL_MO_x_3330,GEN_VAL_MO_x_3350,GEN_VAL_MO_x_3370,GEN_VAL_MO_x_3510,GEN_VAL_MO_x_3530,GEN_VAL_MO_x_4000,GEN_VAL_MO_x_4010,GEN_VAL_MO_x_4039,GEN_VAL_MO_x_4050,GEN_VAL_MO_x_4099,GEN_VAL_MO_x_4120,GEN_VAL_MO_x_4190,GEN_VAL_MO_x_4210,GEN_VAL_MO_x_4231,GEN_VAL_MO_x_4239,GEN_VAL_MO_x_4279,GEN_VAL_MO_x_4280,GEN_VAL_MO_x_4330,GEN_VAL_MO_x_4351,GEN_VAL_MO_x_4359,GEN_VAL_MO_x_4370,GEN_VAL_MO_x_4419,GEN_VAL_MO_x_4470,GEN_VAL_MO_x_4490,GEN_VAL_MO_x_4510,GEN_VAL_MO_x_4550,GEN_VAL_MO_x_4622,GEN_VAL_MO_x_4623,GEN_VAL_MO_x_4633,GEN_VAL_MO_x_4634,GEN_VAL_MO_x_4700,GEN_VAL_MO_x_4710,GEN_VAL_MO_x_4759,GEN_VAL_MO_x_4791,GEN_VAL_MO_x_4792,GEN_VAL_MO_x_4793,GEN_VAL_MO_x_4801,GEN_VAL_MO_x_4840,GEN_VAL_MO_x_4850,GEN_VAL_MO_x_4870,GEN_VAL_MO_x_4890,GEN_VAL_MO_x_5081,GEN_VAL_MO_x_5170,GEN_VAL_MO_x_5180,GEN_VAL_MO_x_5200,GEN_VAL_MO_x_5230,GEN_VAL_MO_x_5250,GEN_VAL_MO_x_5330,GEN_VAL_MO_x_5350,GEN_VAL_MO_x_5420,GEN_VAL_MO_x_5490,GEN_VAL_MO_x_5520,GEN_VAL_MO_x_5550,GEN_VAL_MO_x_5570,GEN_VAL_MO_x_5590,GEN_VAL_MO_x_5600,GEN_VAL_MO_x_5650,GEN_VAL_MO_x_5700,GEN_VAL_MO_x_5800,GEN_VAL_MO_x_5820,GEN_VAL_MO_x_5880,GEN_VAL_MO_x_6021,GEN_VAL_MO_x_6141,GEN_VAL_MO_x_7230,GEN_VAL_MO_x_7910,Agreements_1220,Agreements_2010,Agreements_3510,Agreements_5800,Agreements_6021,pre_post_tariff,PMI,STEEL_PRICE
2015-01,1396893716.0,589302181.0,4514399.0,1001961.0,626664.0,1820081.0,1063737.0,2673862.0,58065575.0,19843996.0,468744.0,258275.0,167764.0,7084111.0,495555851.0,220707.0,111447.0,70404239.0,9396496.0,5984928.0,8411667.0,176926726.0,1553616.0,58672477.0,21893042.0,4679940.0,116888444.0,335837869.0,70501104.0,29095355.0,2620759.0,1310274.0,12688804.0,237211.0,705286.0,384186.0,7826928.0,2249393.0,27393721.0,15776294.0,3730181.0,66542169.0,4967670.0,212993120.0,102725.0,7312233.0,39701.0,110292.0,30639193.0,32246804.0,472223.0,200533308.0,8018847.0,28925403.0,19723479.0,64022468.0,16861348.0,22793818.0,174730424.0,1662874.0,227207.0,63447505.0,34848988.0,754741.0,25418672.0,4557598.0,31691730.0,9902519.0,1352306410.0,819585873.0,4193931.0,385958436.0,40720374.0,11314465.0,1049132.0,138738337.0,0.0,0.0,0.0,0.0,0.0,0,53.9,927.09
2015-02,1274282614.0,580801118.0,3027905.0,437947.0,399353.0,2750144.0,1146674.0,3339817.0,37891459.0,23091833.0,694705.0,89348.0,35218.0,2195306.0,283113430.0,179567.0,860330.0,66930437.0,18170564.0,12873172.0,7290386.0,101782445.0,1152216.0,57347030.0,17751020.0,7934054.0,109847637.0,322818648.0,72416049.0,39168279.0,1744394.0,1849982.0,14219651.0,141177.0,292834.0,100730.0,4830037.0,6417094.0,67065117.0,1877928.0,38102.0,52854446.0,5374503.0,148168934.0,56685.0,2348466.0,40058.0,267821.0,4398948.0,23321138.0,175427.0,164007866.0,7368569.0,39215140.0,16674437.0,84041158.0,11037744.0,18133477.0,169738277.0,2554551.0,207051.0,38790494.0,31255255.0,318918.0,20199491.0,2370815.0,24800936.0,4861705.0,1237392012.0,455420479.0,3342582.0,308949650.0,31188867.0,8042903.0,787705.0,46661577.0,0.0,0.0,0.0,0.0,0.0,0,53.0,932.16
2015-03,1445344282.0,510580225.0,3282241.0,723888.0,435706.0,3469401.0,1365973.0,1909021.0,41870889.0,14618269.0,434303.0,151683.0,199122.0,3018838.0,273301435.0,296298.0,1506446.0,60469971.0,8335583.0,14811806.0,10033686.0,130305183.0,1178199.0,49019472.0,25327129.0,6123300.0,112283296.0,356731657.0,52770275.0,25678043.0,3571259.0,1824296.0,17696344.0,292349.0,336645.0,147540.0,9181364.0,1602500.0,22843914.0,1745066.0,111585.0,60417916.0,4177821.0,133661021.0,468122.0,11928067.0,50799.0,544608.0,25935283.0,19515063.0,508427.0,196854389.0,10120736.0,15072262.0,19969648.0,98971767.0,8578828.0,31663364.0,224679112.0,1746862.0,390218.0,67697225.0,34642862.0,494576.0,28459867.0,4768771.0,29548752.0,9454296.0,1538702075.0,568798109.0,6081893.0,370599192.0,25685902.0,9693521.0,539523.0,94478588.0,0.0,0.0,0.0,0.0,0.0,0,52.1,898.63
2015-04,1312691267.0,501710102.0,3458855.0,846159.0,322276.0,3065556.0,948217.0,3264778.0,34769049.0,20614631.0,542311.0,56341.0,130716.0,2423268.0,224985469.0,950084.0,2230451.0,57196887.0,16612152.0,6120164.0,8059600.0,120774474.0,1564705.0,45760822.0,26401679.0,13951600.0,102263059.0,323082708.0,59520311.0,19456157.0,2220771.0,1530505.0,17535536.0,264637.0,877002.0,257572.0,9375567.0,6840479.0,39547504.0,14387656.0,17023731.0,73383453.0,6447838.0,180942707.0,295793.0,8731898.0,54205.0,189992.0,15262209.0,17867372.0,488218.0,133790508.0,8061355.0,45215133.0,25185043.0,103239214.0,11826649.0,16299859.0,203612310.0,2903449.0,293300.0,91261181.0,45372436.0,664700.0,28464846.0,3972239.0,44074136.0,10639591.0,1370664083.0,487731624.0,6391463.0,398771155.0,36457498.0,4874872.0,306393.0,87160471.0,0.0,0.0,0.0,0.0,0.0,0,51.9,926.77
2015-05,1313705886.0,505723446.0,3056895.0,945472.0,362627.0,2815248.0,726576.0,3076931.0,30552387.0,10041255.0,531423.0,120137.0,275072.0,1642916.0,259322791.0,336725.0,2799436.0,58047012.0,17608265.0,8824323.0,8079632.0,101886602.0,1072699.0,74095856.0,24619940.0,19322086.0,108214839.0,341804927.0,70752841.0,27467952.0,3597220.0,1314280.0,17128787.0,172708.0,611650.0,278106.0,9014118.0,6512690.0,19241656.0,14697097.0,2722.0,58105511.0,7775282.0,192476507.0,373151.0,7499452.0,11015.0,465966.0,12148965.0,18416320.0,414983.0,125586648.0,6755764.0,35603509.0,18329377.0,74751252.0,7982916.0,36759452.0,162078807.0,3160124.0,284643.0,73677042.0,37990562.0,817662.0,22043780.0,4670970.0,27902175.0,9231194.0,1493012326.0,349764182.0,7645278.0,313876239.0,40456342.0,9965322.0,191007.0,93921269.0,0.0,0.0,0.0,0.0,0.0,0,52.9,965.385
2015-06,1403910384.0,555639862.0,1717927.0,674750.0,480196.0,3190084.0,516050.0,3853751.0,28469157.0,17614051.0,896073.0,240559.0,28771.0,2865208.0,194125911.0,26059.0,733367.0,58730531.0,15334730.0,7081610.0,9275484.0,95271101.0,1194513.0,56797962.0,24255153.0,15814659.0,95283570.0,334560013.0,51983732.0,26935861.0,2644320.0,1599125.0,16310809.0,467024.0,1164012.0,351284.0,8913850.0,6670543.0,10472051.0,168005.0,38102.0,74190791.0,4497653.0,142119435.0,312400.0,6752869.0,12682.0,558777.0,7808681.0,8940560.0,577378.0,91676394.0,8440664.0,9926302.0,16561340.0,55131767.0,6960177.0,23209772.0,150551969.0,2164759.0,250854.0,63136131.0,45267693.0,889178.0,20065203.0,5353069.0,35694828.0,10909434.0,1336463019.0,314781092.0,7288282.0,323709032.0,38604951.0,11345425.0,319951.0,50770208.0,0.0,0.0,0.0,0.0,0.0,0,52.5,892.11
2015-07,1264777051.0,615213775.0,2139009.0,474230.0,775019.0,2941229.0,527435.0,3228431.0,34072084.0,14247411.0,746802.0,93339.0,184499.0,1006203.0,245187975.0,130035.0,1252663.0,67416147.0,14528199.0,15308318.0,10768327.0,105401255.0,2220246.0,86513025.0,28787064.0,11859945.0,99187651.0,317154049.0,55746741.0,21904337.0,1990402.0,1555375.0,17820018.0,312362.0,448012.0,131498.0,8556736.0,5936996.0,4639962.0,14974867.0,21466940.0,57527787.0,4078056.0,139490485.0,417296.0,6885034.0,37606.0,435496.0,26124314.0,12403343.0,537868.0,128983803.0,9321836.0,7105703.0,17200954.0,99860407.0,7033714.0,21390538.0,136036519.0,1645581.0,234681.0,68074403.0,42396533.0,843837.0,21152012.0,4467005.0,48631106.0,3857442.0,1294086945.0,346564512.0,6069912.0,263107376.0,21432395.0,8934569.0,689311.0,49289008.0,0.0,0.0,0.0,0.0,0.0,0,52.0,772.365
2015-08,1235387395.0,564964854.0,2552188.0,568734.0,614907.0,3619751.0,441494.0,2658538.0,36151233.0,18666965.0,446705.0,3128778.0,52898.0,1555637.0,274479706.0,0.0,1784623.0,42697567.0,14167206.0,14020972.0,8521420.0,93689604.0,1129176.0,65658603.0,21325652.0,18401881.0,80107036.0,260723264.0,67621776.0,11252475.0,1671392.0,1502131.0,14115362.0,179457.0,571663.0,257761.0,7874041.0,701983.0,4311022.0,1512246.0,24494.0,43667952.0,4611072.0,145282274.0,251876.0,5507532.0,86917.0,378677.0,4856445.0,16323375.0,464697.0,115359801.0,7101769.0,8697701.0,17846571.0,52317749.0,7724408.0,28622441.0,132020688.0,1473547.0,263697.0,80910659.0,40035524.0,1119223.0,20323551.0,3797476.0,39493462.0,9920020.0,1230691655.0,268798978.0,5535547.0,293009894.0,29556947.0,8854514.0,347175.0,65040059.0,0.0,0.0,0.0,0.0,0.0,0,50.2,699.895
2015-09,1232498906.0,535936061.0,1488261.0,755627.0,295937.0,2981520.0,611995.0,3661807.0,26633171.0,14485102.0,752238.0,172532.0,25422.0,735826.0,229065053.0,154276.0,1030382.0,40063193.0,4390875.0,25711366.0,5887597.0,88953211.0,1686202.0,58289420.0,20337966.0,20210173.0,85685996.0,326838133.0,49968416.0,28569948.0,2347226.0,1409750.0,11894841.0,339171.0,667096.0,489148.0,7744166.0,465846.0,35186517.0,18870859.0,38102.0,35614079.0,3310814.0,105571107.0,14573.0,5872671.0,5554.0,189976.0,7785986.0,15411342.0,457225.0,76557074.0,7270088.0,6451397.0,14928728.0,48529565.0,5362634.0,24290098.0,159605000.0,865016.0,224994.0,54399956.0,34075583.0,1586644.0,21505211.0,6575005.0,31179518.0,4008464.0,1162999274.0,290078695.0,5673247.0,276526072.0,19214071.0,8603904.0,519255.0,52507743.0,0.0,0.0,0.0,0.0,0.0,0,50.1,640.81
2015-10,1256750229.0,546731961.0,3961946.0,718530.0,379062.0,3205849.0,537017.0,2924330.0,33309781.0,17109170.0,666027.0,178810.0,130574.0,1154216.0,312572772.0,75446.0,244169.0,70101548.0,13699576.0,17035007.0,7043623.0,93265280.0,1170733.0,73881206.0,20299564.0,19240704.0,79694938.0,280451707.0,57830789.0,30369787.0,1931605.0,1205692.0,14834849.0,345541.0,749515.0,396071.0,12397376.0,1241390.0,48380086.0,1344417.0,15826562.0,37500826.0,3954813.0,105621742.0,50680.0,5002996.0,281367.0,553843.0,6211508.0,14897673.0,401550.0,138882563.0,6342407.0,3508050.0,19729298.0,50319565.0,5713856.0,29239908.0,147203708.0,1260781.0,290404.0,73537267.0,41569740.0,1118356.0,21424966.0,4531691.0,33150490.0,5955356.0,1039865796.0,292930256.0,6199609.0,265471039.0,15494068.0,2910517.0,336708.0,46148726.0,0.0,0.0,0.0,0.0,0.0,0,49.1,652.065
2015-11,1158621101.0,473661297.0,3294743.0,680013.0,144692.0,2622835.0,608351.0,2523847.0,23755295.0,14674480.0,713354.0,96597.0,89815.0,935243.0,193894957.0,127023.0,1230185.0,45135710.0,6387973.0,13076884.0,5111109.0,87680961.0,1284893.0,59787672.0,23954639.0,18154211.0,69557583.0,247384162.0,47875697.0,15391363.0,1662935.0,1321816.0,15381755.0,71897.0,362508.0,216994.0,8542080.0,429001.0,4586555.0,1638360.0,115260.0,40419782.0,4286058.0,121695962.0,33441.0,5428496.0,33458.0,260946.0,18858429.0,12211463.0,413880.0,66573127.0,7985977.0,5605447.0,16587371.0,42698147.0,5070099.0,27635887.0,122159978.0,604870.0,261121.0,71314065.0,35783531.0,763383.0,20506764.0,3200588.0,18545127.0,3202301.0,998090199.0,292109645.0,4429877.0,273864447.0,11471496.0,4429486.0,1077800.0,32853902.0,0.0,0.0,0.0,0.0,0.0,0,49.1,641.0450000000001
2015-12,1051202247.0,450505941.0,2188141.0,915357.0,351369.0,2459465.0,898055.0,2339270.0,27205390.0,14168885.0,465794.0,29318.0,45172.0,1061756.0,138870336.0,213377.0,1134252.0,54321542.0,22280460.0,5118778.0,5335839.0,106475621.0,1163820.0,74029054.0,20882727.0,13862177.0,95241467.0,296266452.0,44544659.0,30604303.0,1948719.0,2392840.0,14320826.0,525371.0,221209.0,220530.0,8646779.0,173899.0,7119498.0,615008.0,0.0,37311763.0,3792904.0,125761015.0,291026.0,4935462.0,12984.0,226298.0,6695460.0,8745276.0,179308.0,80898006.0,9058210.0,9309102.0,20677255.0,74317087.0,6054962.0,12867977.0,97595173.0,1013537.0,388605.0,56560542.0,60392327.0,1213535.0,17995317.0,2852517.0,25218574.0,3023369.0,1099708015.0,266787243.0,5049324.0,267124967.0,36761268.0,3110619.0,78659.0,42651712.0,0.0,0.0,0.0,0.0,0.0,0,48.7,571.3050000000001
2016-01,1184225905.0,492490725.0,1504108.0,603859.0,237495.0,1899733.0,771625.0,2646862.0,19977032.0,13480579.0,423099.0,42818.0,21398.0,1072203.0,177234677.0,449725.0,837390.0,47959852.0,17249697.0,13728550.0,5160589.0,61932052.0,927490.0,34101220.0,19334704.0,12597732.0,66037109.0,254955446.0,45221719.0,25890722.0,3160514.0,1386247.0,13817063.0,306822.0,175055.0,529581.0,8299463.0,100738.0,5881054.0,15726561.0,7437439.0,42034110.0,4669757.0,91942226.0,433930.0,5787245.0,91330.0,409216.0,3536144.0,15352667.0,320891.0,100761242.0,8445658.0,6234958.0,15897511.0,75453555.0,4937067.0,33264137.0,97535304.0,2463871.0,293669.0,50642225.0,52825533.0,1556354.0,18361139.0,3062915.0,22142203.0,2204561.0,1186843175.0,261762619.0,4077328.0,303729216.0,35100422.0,6281137.0,1183037.0,42706819.0,0.0,0.0,0.0,0.0,0.0,0,47.6,490.365
2016-02,1061861219.0,466648816.0,2022963.0,740110.0,177016.0,2669287.0,611044.0,2116925.0,18807664.0,14558432.0,349454.0,134674.0,64275.0,1861557.0,130028651.0,217165.0,1585175.0,48734816.0,11530296.0,11974450.0,4099317.0,76778319.0,1629308.0,55056242.0,20708670.0,12671007.0,81403322.0,219527415.0,47098465.0,26715685.0,1624619.0,1271966.0,11317810.0,229026.0,206970.0,2451570.0,8935427.0,1248458.0,18778941.0,1202370.0,7347059.0,26377151.0,6039125.0,90710433.0,294459.0,5723225.0,81118.0,274706.0,7090121.0,13067821.0,459819.0,83761760.0,9495986.0,13061060.0,16899478.0,103951950.0,3221141.0,24116272.0,120715910.0,920335.0,434993.0,63262181.0,57460153.0,1017711.0,15785155.0,2454187.0,15451244.0,5690020.0,1232154901.0,303636361.0,3832648.0,215121629.0,23250464.0,4061170.0,1639758.0,102057832.0,0.0,0.0,0.0,0.0,0.0,0,49.2,514.065
2016-03,1176973043.0,493045099.0,1740794.0,560337.0,232552.0,2344811.0,887922.0,3205997.0,25183092.0,17937129.0,652602.0,43518.0,42636.0,3347443.0,204184774.0,579628.0,1783760.0,65746619.0,16302678.0,10140096.0,5760593.0,88409412.0,2182806.0,56711013.0,22089444.0,11105120.0,122254698.0,271295158.0,57429676.0,26409834.0,2820984.0,2213830.0,13438944.0,236203.0,342613.0,362457.0,10719031.0,474278.0,14876336.0,199181.0,17857277.0,30973302.0,7493551.0,130469565.0,310365.0,8357104.0,149564.0,379542.0,6967479.0,13539728.0,766063.0,93318514.0,11208247.0,6697926.0,24910511.0,107111950.0,4726223.0,16432714.0,126794570.0,1384067.0,395198.0,55935801.0,48203131.0,1131271.0,17417954.0,3121779.0,19221591.0,3061834.0,924025723.0,277137483.0,3244089.0,257911466.0,17041606.0,10820613.0,504886.0,20589062.0,0.0,0.0,0.0,0.0,0.0,0,51.0,636.975
2016-04,1116359041.0,492344981.0,2251034.0,761341.0,463140.0,3301867.0,494477.0,3862989.0,19248779.0,16792110.0,465945.0,46288.0,86434.0,2996542.0,175990876.0,458052.0,1414896.0,62631079.0,9493192.0,12575776.0,4887738.0,77906196.0,1396272.0,47165723.0,23627000.0,12329215.0,78642954.0,249662406.0,46757381.0,41991997.0,3051255.0,999155.0,12573204.0,739518.0,137033.0,245162.0,10467544.0,206917.0,17643147.0,5711320.0,113763.0,52896779.0,5936873.0,128968057.0,142633.0,4020318.0,36651.0,506656.0,8773220.0,10723178.0,494591.0,86018383.0,9484101.0,5730800.0,23232577.0,96282742.0,5731307.0,49132649.0,111210444.0,1485996.0,103391.0,55505553.0,52296561.0,733273.0,16620729.0,2712102.0,22562647.0,3094981.0,1125030061.0,284002122.0,4103213.0,236026145.0,23303909.0,5122386.0,793821.0,69021257.0,0.0,0.0,0.0,0.0,0.0,0,51.3,769.7750000000001
2016-05,1256687450.0,497530520.0,1623877.0,469119.0,537870.0,3088076.0,550267.0,3044201.0,12839772.0,21172185.0,668207.0,144228.0,111906.0,6592332.0,206109264.0,170774.0,775891.0,47751626.0,16000501.0,12009207.0,7968342.0,96640161.0,2159344.0,57074779.0,23502651.0,17144071.0,75155034.0,290822177.0,55442551.0,26556317.0,2061884.0,912376.0,13224538.0,169545.0,290920.0,463479.0,8757079.0,539998.0,22819952.0,458625.0,37921.0,62951154.0,4469714.0,103257627.0,508996.0,4970205.0,172160.0,497215.0,5587263.0,6484781.0,654893.0,79199263.0,7743791.0,13339777.0,29604791.0,90120835.0,6244560.0,37260646.0,96374183.0,795629.0,356407.0,46834665.0,60919874.0,927041.0,19096756.0,2658644.0,16634496.0,3084386.0,1254344104.0,299248762.0,4668249.0,237917574.0,10106337.0,3095026.0,916508.0,70659953.0,0.0,0.0,0.0,0.0,0.0,0,51.4,749.77
2016-06,1222169570.0,513289533.0,2611133.0,799563.0,407999.0,3644523.0,769357.0,3950812.0,26715839.0,25178909.0,440658.0,141912.0,67162.0,4246212.0,160695313.0,222010.0,2171295.0,69246319.0,8570208.0,14711111.0,8082958.0,80120589.0,1835585.0,66807000.0,25898413.0,13660014.0,90216999.0,247409346.0,48396986.0,19712953.0,2582272.0,1294990.0,13335338.0,228771.0,50244.0,896696.0,8222078.0,235975.0,15395672.0,21075979.0,2221966.0,58658578.0,5134284.0,124598032.0,231198.0,5440031.0,86979.0,749184.0,6825573.0,7268607.0,320561.0,110216275.0,9698698.0,9440434.0,33178110.0,125386614.0,9238136.0,36340576.0,104057966.0,1611168.0,555158.0,68572543.0,58605894.0,1118712.0,17155404.0,2929638.0,23111775.0,2383166.0,1150691243.0,295690827.0,7260951.0,301821953.0,9959805.0,1333261.0,1571242.0,40511458.0,0.0,0.0,0.0,0.0,0.0,0,52.2,735.685
2016-07,1220307782.0,499637137.0,3285524.0,418460.0,383436.0,2945548.0,489150.0,2569924.0,37071220.0,19460690.0,401227.0,9506060.0,125771.0,2908037.0,251882292.0,189534.0,2537743.0,49552239.0,7861076.0,25352908.0,7207436.0,100425589.0,1526347.0,79211818.0,22370236.0,11411634.0,107922581.0,234037204.0,57313528.0,28204040.0,2249113.0,967739.0,14853568.0,205393.0,323155.0,269268.0,9155730.0,80122.0,28559199.0,471988.0,5413542.0,49613941.0,5414344.0,131240128.0,92750.0,5714794.0,123415.0,224320.0,6973796.0,5448006.0,356646.0,167079778.0,8624451.0,11656906.0,26779609.0,90847955.0,20938804.0,37089782.0,121350628.0,1242008.0,347903.0,74352823.0,63073522.0,1343847.0,20130431.0,3595425.0,24316412.0,5425832.0,1159803901.0,362371446.0,7157683.0,276443862.0,36086409.0,2146940.0,937686.0,72712004.0,0.0,0.0,0.0,0.0,0.0,0,52.7,827.4200000000001
2016-08,1264070005.0,582321068.0,3432796.0,360148.0,473432.0,3304930.0,976674.0,2429164.0,29222272.0,21501775.0,659941.0,42594.0,67383.0,1868033.0,208163697.0,221637.0,2547254.0,59144611.0,7135551.0,13734240.0,6585975.0,93786035.0,1092828.0,68780994.0,23415079.0,10945393.0,78635795.0,284337821.0,59100886.0,17776670.0,2725116.0,1558523.0,14363921.0,356607.0,185865.0,369082.0,8065142.0,581622.0,72824879.0,12154949.0,19560713.0,40005077.0,5725027.0,132686219.0,117536.0,7197422.0,45229.0,653201.0,6159474.0,7486124.0,760254.0,94320940.0,9336277.0,8981523.0,28528932.0,104438716.0,6714913.0,30934706.0,98216863.0,2288824.0,372100.0,77880341.0,94744439.0,1317031.0,19199697.0,3417022.0,19932099.0,2910500.0,1237889197.0,304038960.0,5866884.0,284831541.0,14004825.0,2623996.0,555404.0,88740671.0,0.0,0.0,0.0,0.0,0.0,0,49.8,867.165
2016-09,1146901379.0,539258177.0,1212062.0,564330.0,261063.0,2379468.0,585147.0,2634138.0,29407746.0,22134812.0,1099424.0,58048.0,104425.0,1534784.0,232262288.0,155260.0,2523249.0,40297260.0,10247843.0,12299583.0,5229258.0,69754944.0,1753018.0,68809140.0,27910199.0,8008477.0,59375895.0,229910728.0,47726029.0,10430945.0,2240003.0,1091008.0,13233814.0,556130.0,14328.0,578440.0,7257114.0,17843.0,21970439.0,188657.0,72259.0,34872835.0,3884341.0,92362096.0,279851.0,5713156.0,69116.0,640421.0,7207705.0,3951333.0,452634.0,83383340.0,9706127.0,14260268.0,29665217.0,89432038.0,6969811.0,31915215.0,119728897.0,1436869.0,431315.0,70736674.0,87051669.0,1267014.0,20826959.0,2892452.0,23271459.0,3633225.0,1156794429.0,263942269.0,7229624.0,253744871.0,43134827.0,722509.0,750430.0,66479936.0,0.0,0.0,0.0,0.0,0.0,0,51.1,824.6949999999999
2016-10,1229277345.0,552277197.0,3555702.0,686612.0,361374.0,3478577.0,542179.0,2656147.0,34371958.0,17084737.0,910418.0,41454.0,46013.0,2314666.0,160085885.0,118186.0,2475794.0,58286969.0,8153560.0,7085774.0,5733358.0,84418822.0,2158956.0,77117659.0,27002413.0,15030713.0,74808419.0,226704058.0,50773560.0,17686934.0,2688811.0,1208680.0,14752215.0,265329.0,72364.0,346602.0,8231440.0,552816.0,22411905.0,406581.0,226709.0,40054839.0,3912500.0,110809381.0,79346.0,6204486.0,56313.0,313848.0,6466649.0,6823360.0,464157.0,98870022.0,7189170.0,4181439.0,21238423.0,75171948.0,8956504.0,25082884.0,138649245.0,817129.0,159840.0,90258120.0,95807385.0,902141.0,16911732.0,3585587.0,18330756.0,2891981.0,1174774568.0,271796513.0,7394712.0,265398781.0,20607907.0,796465.0,807242.0,40448962.0,0.0,0.0,0.0,0.0,0.0,0,51.8,887.65
2016-11,1264697920.0,554989765.0,1661823.0,428527.0,448193.0,3864838.0,808625.0,3130138.0,15569935.0,19681623.0,912347.0,76469.0,50178.0,5413338.0,170313172.0,26211.0,1746042.0,50241685.0,17846933.0,9397604.0,7544442.0,71496003.0,1589492.0,63343831.0,28741807.0,5689285.0,81024335.0,217592938.0,45135017.0,18526650.0,2654970.0,1219302.0,13787817.0,190177.0,206684.0,367477.0,8948137.0,102519.0,16200926.0,188629.0,2336054.0,44105690.0,6869545.0,140422314.0,626090.0,5333386.0,427776.0,688710.0,6052515.0,4789229.0,756985.0,98811314.0,7662204.0,6608786.0,25036090.0,157814749.0,6875265.0,41113795.0,116985880.0,1064108.0,286218.0,116758224.0,92545507.0,1044541.0,22989196.0,4140057.0,21061243.0,2979667.0,1201807171.0,266941170.0,6714090.0,221760077.0,38808027.0,880040.0,906677.0,44336236.0,0.0,0.0,0.0,0.0,0.0,0,53.2,1013.28
2016-12,1171370307.0,508740814.0,3489917.0,798236.0,652061.0,3067282.0,649334.0,4916962.0,30533428.0,20106842.0,1059418.0,220055.0,94741.0,3747396.0,186062984.0,90641.0,387873.0,53866163.0,3199805.0,17552432.0,5477155.0,95399691.0,2243874.0,76452726.0,29152477.0,9750753.0,86871072.0,230567639.0,49207362.0,18068113.0,2215372.0,1371979.0,12873528.0,179811.0,175487.0,447471.0,8934216.0,1109528.0,9084406.0,664374.0,15255213.0,35766100.0,4897196.0,127663643.0,1117557.0,6934184.0,194558.0,143094.0,27916725.0,6639597.0,703191.0,91316393.0,9642992.0,11498665.0,25759779.0,124943713.0,9426397.0,36471382.0,103529703.0,1651106.0,578901.0,64252023.0,67207066.0,1059641.0,20362753.0,3030904.0,20279066.0,4073690.0,1149349904.0,266977558.0,7009992.0,228231842.0,25141806.0,1424961.0,1498913.0,107937542.0,0.0,0.0,0.0,0.0,0.0,0,54.4,1135.355
2017-01,1349954185.0,514639215.0,5420332.0,675586.0,968004.0,2323813.0,631871.0,3194663.0,38718467.0,17307331.0,1028726.0,63115.0,44661.0,4793841.0,172404512.0,83574.0,1062861.0,49390653.0,10920496.0,18063412.0,6963740.0,74927315.0,1477559.0,28726315.0,21932248.0,12690036.0,67519245.0,213010733.0,45557393.0,16540373.0,2869113.0,1107245.0,16181088.0,238608.0,202850.0,380505.0,8403838.0,355649.0,21051130.0,575819.0,2379412.0,33202449.0,6923788.0,117114249.0,472938.0,7310093.0,546242.0,1485916.0,6700408.0,8315804.0,518854.0,148394586.0,10644034.0,7525400.0,27706981.0,156818344.0,29999270.0,42601441.0,124398130.0,2149499.0,208005.0,72226282.0,90188861.0,1031682.0,26666273.0,4001794.0,27665168.0,7663015.0,1301092982.0,293216205.0,7607096.0,240200123.0,33142225.0,864462.0,1012290.0,72416596.0,0.0,0.0,0.0,0.0,0.0,0,55.7,1140.6999999999998
2017-02,1279397148.0,531476065.0,6139362.0,674078.0,1351490.0,3475393.0,774713.0,5791874.0,36295933.0,16873079.0,1464806.0,7256938.0,27391.0,3303013.0,198671587.0,113664.0,2109120.0,51022055.0,6967764.0,19535882.0,4464723.0,92080126.0,1931682.0,56608610.0,16938176.0,6562284.0,79990132.0,203646404.0,45244765.0,9361149.0,2255662.0,920009.0,13198181.0,175827.0,244401.0,202648.0,9986418.0,874420.0,50012946.0,8322016.0,33217773.0,34301986.0,6245578.0,85159469.0,539613.0,6063999.0,59449.0,862992.0,5342487.0,7347221.0,388793.0,115430195.0,8112230.0,12749305.0,28159016.0,173713508.0,9337590.0,45156667.0,126312010.0,2056412.0,359721.0,77013417.0,91756123.0,845698.0,19519401.0,1843873.0,26423728.0,3410814.0,1210981744.0,234047873.0,6045697.0,210328760.0,30404412.0,2145425.0,1299492.0,160697581.0,0.0,0.0,0.0,0.0,0.0,0,57.7,1196.1799999999998
2017-03,1507776373.0,625885813.0,5188649.0,1380103.0,1358332.0,4573100.0,607115.0,5963482.0,45466459.0,20887402.0,1157346.0,57211.0,320895.0,4767749.0,288895191.0,297538.0,1758496.0,59504074.0,6736572.0,18412533.0,9054622.0,99027193.0,1487199.0,78378358.0,22092488.0,15154703.0,74357445.0,258273731.0,73530352.0,17499684.0,3454176.0,1008907.0,17635045.0,185873.0,283905.0,561344.0,14147053.0,460762.0,40386553.0,1632788.0,19652113.0,46157004.0,8096473.0,132426124.0,470529.0,6233713.0,40361.0,3259443.0,7991144.0,11343883.0,747465.0,165335439.0,10963357.0,8344112.0,18115411.0,139245882.0,11787791.0,47444878.0,161345783.0,2467711.0,316756.0,92740847.0,61679533.0,938818.0,26263341.0,1896925.0,31600747.0,4660394.0,1106915662.0,309114535.0,4253224.0,290933424.0,56101002.0,4705798.0,956539.0,52287219.0,0.0,0.0,0.0,0.0,0.0,0,56.5,1155.9299999999998
2017-04,1528095877.0,576645140.0,6107785.0,1180578.0,1127898.0,4466805.0,765641.0,6116071.0,54831495.0,18845707.0,1341844.0,0.0,129782.0,6124462.0,222413492.0,254555.0,1917441.0,80899005.0,20256896.0,6307335.0,7297047.0,92696767.0,1177844.0,62602889.0,30016432.0,19868557.0,81724742.0,271545990.0,67931080.0,18334342.0,3031159.0,829633.0,16203381.0,210843.0,288144.0,194496.0,13449838.0,627198.0,39950487.0,14166045.0,28434576.0,92678968.0,5659788.0,171194727.0,371418.0,10739462.0,382980.0,398855.0,6574659.0,11376674.0,639640.0,105189410.0,8757569.0,17521682.0,29950645.0,174191038.0,11393780.0,37141982.0,137309331.0,2692374.0,396620.0,72725620.0,61331589.0,1068307.0,19329521.0,2658606.0,28489822.0,3207555.0,1311863610.0,316789447.0,4844417.0,263180651.0,34055516.0,3238162.0,1325995.0,152440929.0,0.0,0.0,0.0,0.0,0.0,0,55.8,1081.985
2017-05,1532848227.0,592461230.0,6725303.0,1082912.0,966902.0,6400545.0,914370.0,6078133.0,18659638.0,18385664.0,1522658.0,119548.0,163614.0,3857009.0,294282867.0,110897.0,1211889.0,62483042.0,12470925.0,11195160.0,5905112.0,111116694.0,1920579.0,70677011.0,26731104.0,15882156.0,82771498.0,296651800.0,64496381.0,17101302.0,3465295.0,1225176.0,16846861.0,319908.0,478539.0,741488.0,14126577.0,461152.0,38391707.0,12783858.0,12229366.0,71726955.0,10053695.0,144549401.0,437817.0,6843246.0,277559.0,4956331.0,12103808.0,6209302.0,791936.0,84197423.0,8403833.0,12941212.0,34530287.0,169053093.0,11696061.0,65552904.0,187684310.0,1063514.0,547382.0,108077802.0,72672253.0,1405161.0,33628922.0,3027218.0,38904937.0,10292032.0,1494182695.0,333756443.0,6370496.0,251423681.0,102437709.0,4734889.0,1156769.0,154676917.0,0.0,0.0,0.0,0.0,0.0,0,56.4,1018.82
2017-06,1481892778.0,632497669.0,4148658.0,1489327.0,804629.0,3441042.0,599285.0,7083929.0,47748850.0,17583115.0,1720222.0,4636099.0,121618.0,1837678.0,401747942.0,136469.0,1520762.0,61704011.0,13197217.0,8457693.0,6124463.0,97489289.0,1947157.0,72294569.0,23345391.0,13086145.0,88092882.0,277359980.0,59649829.0,41997294.0,4412276.0,2028929.0,18070390.0,87330.0,830333.0,629458.0,13475239.0,728752.0,50492617.0,2146628.0,21480636.0,70937269.0,9569133.0,177795174.0,326001.0,8713226.0,77248.0,12160329.0,6858519.0,13498601.0,750247.0,171620052.0,9834235.0,17976948.0,20561795.0,141617961.0,13663967.0,58299240.0,170615074.0,1162224.0,409155.0,111554410.0,74557989.0,1344195.0,44083238.0,2551727.0,25875459.0,11178039.0,1390705427.0,385054023.0,6603201.0,265169121.0,28855786.0,4351681.0,989476.0,129998341.0,0.0,0.0,0.0,0.0,0.0,0,56.2,1016.44
2017-07,1449768795.0,618581555.0,7919012.0,1242038.0,390257.0,8823086.0,579324.0,12049029.0,61257590.0,17034780.0,2169772.0,26489.0,204442.0,8787027.0,211592763.0,179475.0,1635775.0,56777558.0,12300585.0,10627213.0,12821158.0,95865070.0,1727170.0,63503293.0,22997293.0,24998449.0,107092723.0,291395255.0,74121461.0,22774091.0,3746500.0,1830203.0,16919008.0,266665.0,519780.0,508390.0,14511371.0,1877841.0,95620420.0,11966595.0,19682011.0,68487014.0,6946050.0,157889962.0,427899.0,8733721.0,348841.0,174040.0,16785257.0,13905468.0,422677.0,147378149.0,8245070.0,16263912.0,28713013.0,136334209.0,12180583.0,66406193.0,197711246.0,3853822.0,577686.0,111484027.0,94439349.0,1710915.0,29208402.0,2679434.0,31362481.0,4812592.0,1425761186.0,348858576.0,4807426.0,250467080.0,63639156.0,7572496.0,1476665.0,149690644.0,0.0,0.0,0.0,0.0,0.0,0,56.5,1102.515
2017-08,1461523093.0,602317744.0,13624480.0,1289643.0,1037343.0,3087917.0,587316.0,10728458.0,31971463.0,25570624.0,2159137.0,114316.0,0.0,4722595.0,358023923.0,33641.0,3004521.0,56650659.0,25638416.0,7364331.0,7451799.0,81007930.0,1728870.0,69501702.0,20770390.0,15892134.0,85982228.0,276125974.0,58016894.0,29768464.0,3689314.0,1226614.0,15511355.0,140203.0,1496147.0,577951.0,14048215.0,2986299.0,47158265.0,13544983.0,8695556.0,69148659.0,8338388.0,146442753.0,340119.0,8141288.0,69216.0,259767.0,5995261.0,5892642.0,645914.0,79113996.0,9776721.0,12573151.0,35345844.0,132495422.0,12475124.0,52469902.0,168208211.0,677697.0,965798.0,90784758.0,80503222.0,1621031.0,30704669.0,3189023.0,24664516.0,5576393.0,1325334683.0,395125398.0,5485221.0,266096286.0,91491092.0,5179697.0,964784.0,96590965.0,0.0,0.0,0.0,0.0,0.0,0,58.4,1135.96
2017-09,1443286429.0,613935863.0,15328944.0,1279342.0,900864.0,7481772.0,370438.0,7295033.0,53867818.0,22954259.0,1935932.0,253336.0,89653.0,5106094.0,239925469.0,270689.0,1988452.0,42952475.0,4893691.0,12672324.0,5751868.0,79748983.0,1695027.0,69922776.0,20696056.0,16938084.0,68445857.0,314581559.0,65693256.0,33457537.0,3441823.0,1265218.0,13262115.0,172972.0,400694.0,217160.0,13032366.0,291511.0,46356813.0,922310.0,7449386.0,66703228.0,7020706.0,128383074.0,409512.0,5885719.0,387992.0,463957.0,7320731.0,14916145.0,639500.0,93089596.0,12591107.0,11951125.0,22837776.0,123039891.0,8953647.0,44344754.0,172128142.0,1487034.0,667079.0,88277404.0,70278624.0,1176377.0,24931479.0,3342084.0,25173989.0,11846728.0,1183776624.0,372704915.0,5624912.0,289397028.0,54379829.0,3691945.0,1488421.0,92368658.0,0.0,0.0,0.0,0.0,0.0,0,60.0,1170.385
2017-10,1590927684.0,646081259.0,16750343.0,1142634.0,1059490.0,5912926.0,416348.0,5886193.0,40827445.0,19295846.0,1919665.0,5563623.0,67354.0,5336928.0,234479756.0,106743.0,2028992.0,67289143.0,23998226.0,20996949.0,7723804.0,82729651.0,2172218.0,68327618.0,31257241.0,9291686.0,105885191.0,323016421.0,59069043.0,32923594.0,3587290.0,1748679.0,14599891.0,255585.0,331481.0,656400.0,11406903.0,10068886.0,62471689.0,12398545.0,13048139.0,55330149.0,9267980.0,145522746.0,161565.0,7529862.0,185639.0,338406.0,21506452.0,21079975.0,715447.0,89190579.0,9733878.0,41901823.0,23872256.0,90935577.0,14787566.0,55817967.0,231704136.0,1851429.0,1209114.0,111286980.0,77065752.0,1186245.0,35146927.0,3508693.0,34664971.0,11352612.0,1234007142.0,418948461.0,5210211.0,240250381.0,26357827.0,2255576.0,1841372.0,63783411.0,0.0,0.0,0.0,0.0,0.0,0,58.6,1188.765
2017-11,1476352744.0,620871446.0,10279121.0,1079588.0,1111892.0,3810057.0,351618.0,10783321.0,27993888.0,21736805.0,2796555.0,140758.0,152497.0,5358919.0,354436510.0,149331.0,1830054.0,53530297.0,6776683.0,37557689.0,8127445.0,80510188.0,1888426.0,107388865.0,31419285.0,17728363.0,111765076.0,306535105.0,79528894.0,28776025.0,3808840.0,1427853.0,14193704.0,42306.0,357741.0,522922.0,14309350.0,3138083.0,68128561.0,677032.0,18959291.0,54808192.0,7426999.0,144140384.0,428048.0,7456746.0,221412.0,337665.0,7566248.0,6695075.0,797588.0,53467064.0,9254317.0,53495883.0,16569570.0,111584693.0,16074733.0,44892446.0,147554055.0,1519078.0,1333013.0,100232682.0,49202908.0,1634203.0,23626475.0,1913040.0,34823465.0,8445192.0,1186634782.0,277544761.0,5457732.0,265178946.0,54305577.0,1665988.0,2308305.0,89854978.0,0.0,0.0,0.0,0.0,0.0,0,57.6,1138.8000000000002
2017-12,1359850763.0,547139213.0,6956981.0,687601.0,572419.0,3305111.0,333674.0,6828875.0,44166004.0,23644544.0,2680258.0,218965.0,87483.0,5389977.0,266733581.0,200616.0,832584.0,64765930.0,24801962.0,26108498.0,4341801.0,108888828.0,2148241.0,52577743.0,25661026.0,17040893.0,87428766.0,287860354.0,79845188.0,19812083.0,3814825.0,1757553.0,13556090.0,89254.0,181365.0,465352.0,10141793.0,2866430.0,14038988.0,224465.0,22277580.0,71256374.0,7356451.0,149361841.0,249536.0,9283942.0,319785.0,341268.0,5893868.0,14362890.0,578218.0,47095586.0,8988432.0,15247769.0,20636630.0,134311202.0,14254804.0,42660742.0,193101403.0,1263503.0,1489015.0,88694923.0,80780523.0,1480546.0,31903917.0,2621418.0,60197584.0,5135280.0,1339729840.0,253700450.0,6048167.0,262179535.0,57432305.0,4986124.0,246083.0,113451813.0,0.0,0.0,0.0,0.0,0.0,0,59.7,1222.35
2018-01,1454441151.0,636227949.0,8679835.0,1330301.0,962818.0,4067551.0,865084.0,10406371.0,52100773.0,19816350.0,2097631.0,215140.0,219256.0,9408349.0,272055281.0,113770.0,1652065.0,74705070.0,14838056.0,7147145.0,5542726.0,78579863.0,1782835.0,49333262.0,22857588.0,9483494.0,72057381.0,278848875.0,60619974.0,17863970.0,3451865.0,1382703.0,14000140.0,223832.0,601097.0,848510.0,12233579.0,4344469.0,65866741.0,20132335.0,2373572.0,51392704.0,7670900.0,133617636.0,301577.0,8494054.0,187097.0,6172557.0,20061695.0,15529867.0,492927.0,96506777.0,10035758.0,34983004.0,15489501.0,141813239.0,13821896.0,61325965.0,187395964.0,1454913.0,1349353.0,83807031.0,85457921.0,2160342.0,34824424.0,2426162.0,28228426.0,13190273.0,1592563872.0,365346730.0,8242543.0,283074392.0,72735935.0,6699458.0,1294730.0,123570770.0,0.0,0.0,1.0,1.0,1.0,0,59.4,1369.685
2018-02,1418797967.0,614742311.0,6718985.0,1580809.0,817705.0,4171448.0,541842.0,13605480.0,23981879.0,22998392.0,1901345.0,165569.0,207432.0,11341012.0,170845945.0,0.0,390788.0,52496871.0,33009148.0,16808365.0,6558830.0,77189446.0,2193232.0,60674943.0,37262962.0,18265623.0,86030033.0,293866162.0,70673332.0,13423266.0,2644763.0,1684603.0,16522612.0,209371.0,231474.0,699460.0,12180227.0,8909151.0,72647782.0,1605818.0,11927768.0,57414078.0,6855810.0,125717649.0,389153.0,7623448.0,130821.0,5423121.0,18144335.0,24636008.0,544558.0,56499141.0,10647983.0,27226851.0,23466228.0,118111189.0,13371332.0,49405643.0,192811531.0,730227.0,1352745.0,70803675.0,63350722.0,1764095.0,40402575.0,2647572.0,60625042.0,5578249.0,1395865439.0,322605374.0,6952405.0,246499878.0,30170939.0,6797260.0,663224.0,102814248.0,0.0,0.0,1.0,1.0,1.0,0,60.9,1351.715
2018-03,1659862183.0,696473237.0,10615243.0,1605967.0,1056226.0,8764455.0,1328615.0,12208567.0,44688644.0,31392157.0,2987159.0,6142021.0,117801.0,19063837.0,341242366.0,164243.0,1687140.0,68294474.0,18774971.0,18708161.0,6632632.0,71771539.0,2134057.0,52373228.0,28322873.0,16835520.0,96052615.0,300092517.0,83254914.0,26204710.0,3145388.0,1595690.0,17343034.0,190010.0,225878.0,654450.0,24510675.0,5882575.0,45727116.0,14106856.0,19360020.0,58905494.0,7311374.0,157153768.0,698120.0,7797766.0,476194.0,492962.0,26182868.0,29820523.0,835412.0,99108926.0,10258930.0,14660743.0,21994416.0,165750124.0,21515258.0,49607127.0,203662315.0,1080172.0,1791726.0,91741406.0,95166939.0,2343469.0,31497455.0,3671062.0,29632627.0,8955207.0,1273375652.0,381428918.0,5722639.0,344438971.0,65372034.0,10673214.0,1086261.0,139106474.0,0.0,0.0,1.0,1.0,1.0,1,58.8,1315.32
2018-04,1796710846.0,730012973.0,9240269.0,1466881.0,751167.0,2776521.0,621321.0,14278537.0,51524906.0,26756763.0,2386101.0,180323.0,134538.0,11967297.0,311822803.0,38280.0,1323059.0,77942993.0,13083109.0,12369880.0,5252586.0,82738541.0,2155988.0,57674495.0,30226484.0,15134143.0,96544275.0,338960896.0,82993634.0,20333581.0,4337501.0,1282142.0,19298946.0,59615.0,930579.0,674728.0,13348574.0,681123.0,50497370.0,14747321.0,28000403.0,62445039.0,8343491.0,164820126.0,1479874.0,14600933.0,223794.0,4989509.0,25747100.0,21389108.0,806229.0,111081142.0,10208262.0,49344170.0,23223087.0,159772131.0,24383043.0,69531865.0,181762553.0,2451603.0,1728323.0,99012318.0,133096070.0,2196171.0,34245812.0,3771519.0,32811547.0,9574898.0,1184292850.0,505316990.0,5654064.0,245915770.0,39524327.0,7612697.0,1525302.0,99502865.0,0.0,0.0,1.0,1.0,1.0,1,58.6,1310.345
2018-05,1856193013.0,802281994.0,15923646.0,1361228.0,1188409.0,4588232.0,765426.0,10951637.0,63585563.0,28962547.0,3305907.0,320866.0,381693.0,9829674.0,239540566.0,36581.0,571965.0,88396914.0,25807804.0,27242437.0,7260931.0,138507568.0,2314574.0,92303240.0,34038444.0,21198121.0,106510322.0,349977553.0,100160961.0,21093505.0,3501375.0,1463191.0,21509313.0,169307.0,981072.0,867582.0,13525279.0,7197098.0,139173091.0,1452965.0,12247292.0,92172411.0,9578372.0,154477452.0,384301.0,11202773.0,219019.0,667049.0,20373939.0,15673361.0,2920289.0,86158295.0,10307778.0,17752700.0,38945650.0,153209385.0,45981367.0,60859004.0,231315888.0,1278865.0,1352558.0,71429343.0,92821649.0,2510559.0,44887173.0,3682247.0,71229430.0,4408364.0,1422849782.0,236121179.0,7243332.0,293993195.0,72702069.0,10556176.0,2617027.0,83340392.0,0.0,0.0,1.0,1.0,1.0,1,59.0,1371.75
2018-06,1537108410.0,651120201.0,8235049.0,2083140.0,1105895.0,5492134.0,897975.0,16342701.0,52084117.0,27282196.0,3096467.0,180813.0,31684.0,13275700.0,226356916.0,191864.0,521072.0,81008502.0,23505594.0,10575513.0,8755393.0,77748654.0,1769048.0,45476895.0,25163928.0,12965417.0,92274707.0,316359634.0,100229230.0,30470234.0,4430242.0,1788367.0,16681724.0,122235.0,1292148.0,1538288.0,14178602.0,687198.0,67747227.0,25652885.0,30838353.0,61689103.0,7177624.0,144592841.0,131737.0,9854510.0,226626.0,8660638.0,12958418.0,16149635.0,3328654.0,77417005.0,9051622.0,20544951.0,26964920.0,139486894.0,30499961.0,41669774.0,172725345.0,982785.0,1456808.0,104820715.0,133091661.0,2121296.0,47180777.0,2422602.0,35000272.0,4949650.0,1363151519.0,314942693.0,6398625.0,261751799.0,32607086.0,4256734.0,369473.0,106602851.0,0.0,0.0,1.0,1.0,1.0,1,59.9,1312.79
2018-07,1555292948.0,711639990.0,10104142.0,2489876.0,1270326.0,3766105.0,787618.0,18641759.0,59798168.0,33207142.0,2691982.0,288587.0,127526.0,14209283.0,344774088.0,256970.0,512322.0,68517151.0,13379885.0,11962085.0,10845540.0,104799257.0,1609914.0,85618772.0,34996050.0,17251907.0,105362508.0,309608010.0,91819435.0,22759276.0,3677037.0,1498785.0,16810696.0,123276.0,1705630.0,878980.0,13231962.0,8516993.0,100650398.0,1031182.0,19645660.0,64382090.0,8980439.0,155924753.0,1264518.0,10618301.0,131919.0,612037.0,61413983.0,18391688.0,2371198.0,74791598.0,10795591.0,15717807.0,13528372.0,173556798.0,35621172.0,52294074.0,183612398.0,2137177.0,1657111.0,104616777.0,133210678.0,3586513.0,33937207.0,3713056.0,33461973.0,17177656.0,1368010693.0,325240443.0,6512984.0,274276044.0,64175911.0,9672107.0,1709798.0,106760092.0,0.0,0.0,1.0,1.0,1.0,1,58.1,1294.985
2018-08,1472225742.0,767268199.0,6283504.0,1239882.0,1251433.0,3011574.0,416419.0,20364727.0,35085889.0,36902534.0,3950993.0,96783.0,327304.0,11312456.0,469350919.0,477933.0,568581.0,56194854.0,17545424.0,21797676.0,5870775.0,93192697.0,1438589.0,67283334.0,37619988.0,14782039.0,92933335.0,321092517.0,98902273.0,27320939.0,2851292.0,1619130.0,18091686.0,146252.0,169552.0,1303863.0,13636757.0,1102088.0,83790111.0,23941853.0,19043393.0,80618051.0,8107831.0,191737773.0,1531541.0,15369643.0,178441.0,5265867.0,24331330.0,39862635.0,804176.0,89481024.0,11421609.0,40115453.0,32794827.0,146698708.0,27863211.0,63276335.0,183532140.0,2477458.0,1959476.0,93248254.0,97320128.0,3789614.0,48936511.0,3391426.0,46763017.0,5615456.0,1384042156.0,274548609.0,7058509.0,262698890.0,71055186.0,3738499.0,1901464.0,180359013.0,0.0,0.0,1.0,1.0,1.0,1,60.5,1246.57
2018-09,1371060762.0,688993450.0,5526176.0,1202179.0,758144.0,4421825.0,311594.0,11968301.0,48471606.0,26722059.0,3644370.0,236304.0,70035.0,11205877.0,354788305.0,0.0,1202620.0,60114261.0,12365398.0,10980720.0,9300398.0,70486619.0,1940249.0,65168921.0,38622198.0,13473036.0,60658642.0,309238664.0,85428757.0,17742824.0,4104019.0,2011121.0,17161223.0,137212.0,334199.0,1117776.0,13427594.0,4281584.0,56037422.0,900898.0,23425584.0,40487037.0,6280537.0,108290186.0,1587299.0,8668950.0,152211.0,4603090.0,28116733.0,36327180.0,5191356.0,86453645.0,10429887.0,22994287.0,42726103.0,136434781.0,29067967.0,47006082.0,168156678.0,1916938.0,2109387.0,116050116.0,102794855.0,2925172.0,24322885.0,2169461.0,88539036.0,4864478.0,1336548920.0,279743939.0,4672127.0,193766858.0,87360797.0,4676917.0,1592694.0,59384359.0,0.0,0.0,1.0,1.0,1.0,1,59.3,1215.17
2018-10,1396092802.0,788628661.0,7339988.0,1327677.0,819022.0,3649605.0,356572.0,14988585.0,57955924.0,32462366.0,3168983.0,116256.0,265767.0,17017324.0,399373931.0,281322.0,1626984.0,54953605.0,27059602.0,7586297.0,8008011.0,103254259.0,1529846.0,94903405.0,30988351.0,9516088.0,84037110.0,317065655.0,86193736.0,18833478.0,3815324.0,1595170.0,18799591.0,115628.0,1089825.0,1055593.0,17893431.0,5065598.0,77940046.0,2195814.0,11149884.0,43115180.0,7754030.0,161618077.0,1406569.0,11102767.0,223684.0,531828.0,50597032.0,37949018.0,942925.0,59695841.0,9748796.0,24982375.0,13772589.0,158639625.0,36852226.0,65272589.0,202615365.0,2113126.0,2929886.0,117798470.0,119193877.0,4771430.0,39553557.0,3148726.0,45757547.0,18249832.0,1444108448.0,282898813.0,3981391.0,246044111.0,84464595.0,7317587.0,613545.0,130842157.0,0.0,0.0,1.0,1.0,1.0,1,58.1,1208.25
2018-11,1350455669.0,680123534.0,2841182.0,1393748.0,955183.0,4270544.0,495506.0,8614188.0,23621582.0,20110708.0,2759192.0,179380.0,30821.0,16847028.0,200548042.0,42965.0,3389005.0,51234606.0,23707103.0,12401570.0,3915276.0,78264019.0,1814522.0,82004281.0,24724048.0,10443933.0,90132341.0,308716743.0,83928605.0,26510418.0,2674205.0,1718459.0,14710300.0,44995.0,552504.0,1253566.0,15957487.0,1494937.0,72059673.0,38296154.0,30406042.0,58591647.0,7413437.0,163120757.0,1829530.0,7202056.0,18837.0,529647.0,26824903.0,19868655.0,858422.0,54180397.0,9891254.0,32285452.0,19435256.0,131907051.0,40557452.0,61253633.0,165740923.0,1345384.0,2428199.0,105844075.0,136895698.0,3090285.0,51755852.0,2231594.0,54675019.0,4669305.0,1308599389.0,310363735.0,4539409.0,267337370.0,103316748.0,1154243.0,635756.0,79935268.0,0.0,0.0,1.0,1.0,1.0,1,58.6,1141.3000000000002
2018-12,1260091866.0,652268209.0,2457840.0,954426.0,909471.0,4045282.0,558470.0,7002108.0,51215429.0,22424485.0,1983599.0,87047.0,330278.0,16510711.0,175992631.0,114345.0,2649694.0,57991845.0,24797475.0,6999853.0,6386254.0,99385088.0,1702415.0,63826973.0,32592957.0,15627074.0,75605764.0,305693772.0,85742368.0,24010683.0,3248300.0,1752462.0,14530828.0,116251.0,1022040.0,913952.0,13406663.0,980939.0,74897796.0,808359.0,3703894.0,45374459.0,7478780.0,182375398.0,2632116.0,11846094.0,88100.0,468194.0,31444646.0,9802123.0,3705934.0,55059827.0,8753024.0,28362291.0,22495751.0,102560189.0,34219544.0,45347021.0,158255864.0,605419.0,2952540.0,109479783.0,109118308.0,3118573.0,37136106.0,2343231.0,78825813.0,11060577.0,1526941321.0,232999044.0,3479825.0,232743167.0,79215961.0,2966184.0,840936.0,105659407.0,0.0,0.0,1.0,1.0,1.0,1,54.9,1061.955
2019-01,1241326681.0,708393827.0,6745275.0,657603.0,258405.0,2235100.0,479396.0,16078305.0,52133983.0,20552567.0,2246470.0,528371.0,35149.0,18547093.0,425628489.0,479220.0,2738374.0,72808320.0,16431845.0,7994635.0,10715412.0,94625666.0,1191246.0,56144520.0,28419334.0,21961069.0,66741088.0,337294188.0,79819578.0,32872119.0,3528581.0,1014480.0,14746427.0,38495.0,399042.0,1026118.0,13965444.0,2254717.0,87401818.0,2145987.0,20598642.0,77592725.0,7991450.0,179128260.0,1970989.0,15221437.0,213244.0,4094337.0,49329446.0,36765166.0,4043348.0,58699152.0,10421254.0,31823203.0,52701279.0,140139416.0,39262256.0,76523593.0,189693549.0,923715.0,2508425.0,116722252.0,125171648.0,3187385.0,33622928.0,3366870.0,48187336.0,7944344.0,1366485197.0,477195216.0,3221697.0,234663065.0,90280051.0,3424947.0,1490103.0,152936441.0,1.0,1.0,1.0,1.0,1.0,1,55.7,1071.26
2019-02,1161930701.0,603132757.0,6095840.0,590478.0,704377.0,2873311.0,319624.0,7551324.0,47964005.0,23119026.0,2753791.0,464901.0,117346.0,8418234.0,346376437.0,880114.0,2366849.0,60364245.0,15645094.0,11803598.0,5514439.0,72362378.0,1539520.0,57751429.0,25563672.0,12536650.0,64131074.0,280458453.0,55921225.0,18737219.0,3052776.0,1415749.0,17143906.0,144759.0,1843348.0,1053096.0,13140826.0,965031.0,50327375.0,16594505.0,4926690.0,54190733.0,6393678.0,125904945.0,968318.0,10456388.0,238749.0,634092.0,10080650.0,24194930.0,2609489.0,46487345.0,9128337.0,36633351.0,30055430.0,108971646.0,39366601.0,54002599.0,160945530.0,713710.0,2421045.0,88219450.0,84802251.0,3276399.0,45909194.0,2853457.0,73584424.0,20133773.0,1206648315.0,290532491.0,3777266.0,229369255.0,101750852.0,1544506.0,697070.0,71403292.0,1.0,1.0,1.0,1.0,1.0,1,54.4,1143.74
2019-03,1238793953.0,693927763.0,1776906.0,481325.0,2462123.0,5624720.0,215618.0,9017085.0,52281050.0,24515241.0,1876981.0,381878.0,77191.0,15010112.0,286790386.0,1464184.0,1148532.0,46628235.0,30369347.0,10202408.0,9345599.0,93541017.0,1534645.0,54131475.0,26394118.0,19805974.0,75766494.0,318364514.0,84952566.0,36210236.0,3889420.0,1657952.0,17597508.0,119270.0,466626.0,1369671.0,16044677.0,137769.0,79341478.0,15696624.0,17809124.0,70607857.0,8737415.0,178484661.0,3790533.0,15031102.0,376409.0,3234162.0,15842079.0,33342123.0,518038.0,59076081.0,13077927.0,32031306.0,41814440.0,148548449.0,37163969.0,57329656.0,219081374.0,811535.0,3686983.0,110536356.0,108139923.0,2837103.0,49470345.0,2143671.0,41507754.0,5344623.0,998795437.0,318644793.0,2389426.0,266175798.0,123131640.0,1799988.0,966094.0,101445595.0,1.0,1.0,1.0,1.0,1.0,1,54.9,1146.87
2019-04,1225020101.0,674291606.0,3066324.0,609816.0,1115311.0,4366321.0,402182.0,9526356.0,40340750.0,29273287.0,2475490.0,265423.0,45649.0,12135833.0,440443732.0,1172353.0,1179966.0,66117791.0,25084501.0,15773462.0,9226796.0,87640925.0,1411981.0,65724112.0,28199690.0,18741625.0,83206753.0,375468643.0,77240374.0,20616690.0,5261443.0,1740547.0,19676988.0,111115.0,1446791.0,1728722.0,17180175.0,2870640.0,50153201.0,1545449.0,10893864.0,43943832.0,4315210.0,160061229.0,3768944.0,14899509.0,119350.0,343955.0,17218047.0,11392873.0,509294.0,59299379.0,10454893.0,30791293.0,34085280.0,104305612.0,49353266.0,61787389.0,214291314.0,2421194.0,3373411.0,103095707.0,94619948.0,2838384.0,37018051.0,3095121.0,44556919.0,10261793.0,1172081043.0,405833410.0,2548028.0,299367334.0,80271855.0,2827069.0,1484289.0,167794570.0,1.0,1.0,1.0,1.0,1.0,1,53.6,1162.71
2019-05,1112018673.0,712266108.0,2988971.0,410364.0,1723923.0,4297244.0,381914.0,7882146.0,61922720.0,34865363.0,2893462.0,386713.0,243563.0,6835022.0,321199478.0,882465.0,1344735.0,74271120.0,15957531.0,3640520.0,8218430.0,93611876.0,1460756.0,55286959.0,29386973.0,15335723.0,84471766.0,303571958.0,72782350.0,28051560.0,3610080.0,2110761.0,19506083.0,74349.0,741653.0,1071990.0,14476482.0,476036.0,73530613.0,22045489.0,28834975.0,70034714.0,9411416.0,146104985.0,3818977.0,14341733.0,461097.0,4026705.0,16936948.0,19774572.0,1509184.0,73732204.0,10317174.0,32116513.0,41998621.0,162443932.0,39804786.0,77605602.0,220672909.0,469344.0,2705794.0,94167091.0,108099405.0,2615685.0,56225238.0,3190321.0,42374550.0,5518080.0,1279851148.0,395289430.0,2349099.0,255216300.0,109426379.0,3487910.0,1086651.0,40191600.0,1.0,1.0,1.0,1.0,1.0,1,52.6,1067.415
2019-06,1289951326.0,668757323.0,3974099.0,510228.0,600231.0,4064864.0,267132.0,7290751.0,46227695.0,30236406.0,2627480.0,344289.0,92065.0,15172332.0,295186051.0,857984.0,2076324.0,62388678.0,15633311.0,5728260.0,8810304.0,87252788.0,1122929.0,75460982.0,30006987.0,17477054.0,66588246.0,326589879.0,69058238.0,24721242.0,3546201.0,1610245.0,15206825.0,95013.0,180018.0,1160861.0,13304865.0,2155822.0,75855566.0,2029746.0,1695431.0,65884104.0,6579280.0,151474461.0,3122268.0,6977445.0,171375.0,550741.0,49845403.0,6706420.0,1172232.0,48794716.0,9244518.0,42694727.0,32186507.0,116853462.0,34908668.0,54094967.0,154223934.0,564504.0,2373027.0,97876740.0,98564728.0,1837533.0,37840012.0,2175770.0,34982315.0,4639436.0,1189773223.0,277118911.0,2599419.0,249833884.0,104833069.0,2797827.0,1014540.0,89230600.0,1.0,1.0,1.0,1.0,1.0,1,51.5,1065.435
2019-07,1431023408.0,714162580.0,2730976.0,827157.0,1100593.0,4207881.0,150062.0,5429147.0,22148831.0,36512806.0,2545530.0,248254.0,111905.0,9945749.0,506922431.0,1443359.0,2188143.0,62226822.0,14273348.0,16082910.0,9284111.0,78192058.0,1542820.0,71236177.0,35715812.0,21044676.0,92555735.0,295287661.0,62597273.0,22527827.0,3819402.0,2033794.0,26018887.0,240894.0,913019.0,1577760.0,15580834.0,4049613.0,36590459.0,12756648.0,8285661.0,69865828.0,7522932.0,164696369.0,4823498.0,13237342.0,236650.0,1867063.0,17264384.0,24537249.0,1150226.0,52291628.0,12724783.0,41335335.0,48433063.0,144260675.0,29104089.0,70586922.0,181956753.0,781842.0,3144529.0,124701655.0,103843827.0,2526471.0,43654441.0,3699420.0,38834186.0,13210581.0,1190542495.0,309813409.0,3976048.0,241883454.0,82752411.0,4288329.0,1511062.0,67899139.0,1.0,1.0,1.0,1.0,1.0,1,51.0,1100.4450000000002
2019-08,1403751286.0,640879007.0,2354034.0,549727.0,1169757.0,3444065.0,276178.0,5762289.0,39093733.0,29479517.0,2757053.0,149090.0,106273.0,3410567.0,177614973.0,346374.0,1616647.0,63632144.0,15346198.0,6666795.0,7512966.0,77743192.0,1353837.0,66665816.0,17968432.0,10739295.0,69501086.0,296329301.0,66435038.0,30695525.0,2784108.0,2519548.0,18435507.0,276608.0,76260.0,1259671.0,18529464.0,450815.0,56355740.0,10610775.0,22070221.0,81263626.0,8304464.0,145244171.0,1813078.0,9980918.0,863387.0,2062245.0,13077396.0,18160689.0,765526.0,44998711.0,11448637.0,21989977.0,35186295.0,129422832.0,30511660.0,47394616.0,182050697.0,341088.0,3263510.0,120510506.0,96423991.0,3003643.0,59123058.0,2723594.0,38653242.0,4162392.0,1186216933.0,379531194.0,4312179.0,279009956.0,85192691.0,2242613.0,1604355.0,84049702.0,1.0,1.0,1.0,1.0,1.0,1,48.5,972.23
2019-09,1512048212.0,700456085.0,1685911.0,886098.0,940771.0,3902143.0,185869.0,5308058.0,53501015.0,28281794.0,2449649.0,249324.0,69683.0,10535164.0,170555927.0,668828.0,588701.0,32523112.0,8326299.0,12827193.0,8663531.0,97475556.0,2140030.0,56845749.0,17503064.0,8548491.0,59523448.0,264677267.0,45791177.0,16489238.0,3483272.0,1728247.0,16081514.0,115897.0,450988.0,1142579.0,10884346.0,2145588.0,40416947.0,1011677.0,416814.0,39009434.0,7845439.0,106876663.0,2962742.0,6350944.0,546482.0,1768081.0,14969386.0,29176886.0,971717.0,52666338.0,10402899.0,30305820.0,33737178.0,120784421.0,30029515.0,56617951.0,154592757.0,1040064.0,2672963.0,100289975.0,89997750.0,2282361.0,41665917.0,2803579.0,32479914.0,3694662.0,1069983621.0,247951854.0,2453697.0,219971269.0,98323815.0,3413422.0,714524.0,58535689.0,1.0,1.0,1.0,1.0,1.0,1,48.1,973.445
2019-10,1488034753.0,745769976.0,1290137.0,380391.0,1366879.0,3918557.0,307892.0,5888554.0,48962306.0,35266135.0,2793750.0,334858.0,269296.0,5159689.0,133424041.0,605015.0,1952367.0,51586342.0,15707210.0,6374817.0,10645237.0,85670711.0,1334903.0,48476522.0,20535883.0,11878952.0,69646607.0,268341835.0,48644865.0,14050751.0,2436288.0,1872558.0,19735658.0,470495.0,1067730.0,891344.0,13296716.0,335362.0,66089733.0,1080393.0,18757582.0,50175156.0,7451523.0,133551110.0,1022286.0,9462249.0,312747.0,1652115.0,10163547.0,8572627.0,1451363.0,50969571.0,9387328.0,28542275.0,25871477.0,118822539.0,25277157.0,55562888.0,186423718.0,1011418.0,3416259.0,111556226.0,92918051.0,4012968.0,50198845.0,4030355.0,25437485.0,6358197.0,1080559275.0,249888553.0,2962242.0,231881366.0,39858346.0,3992949.0,91002.0,66246140.0,1.0,1.0,1.0,1.0,1.0,1,48.1,959.785
2019-11,1200176809.0,637979415.0,1160424.0,482991.0,1576054.0,4236059.0,165067.0,6250348.0,39132418.0,23279774.0,2329348.0,127228.0,21760.0,4443180.0,260508047.0,358258.0,1526251.0,47915688.0,14545144.0,13444699.0,6174287.0,78418018.0,2069241.0,71208489.0,16898709.0,4684697.0,64782429.0,247302664.0,48656393.0,17010988.0,3186222.0,1710930.0,19574696.0,335652.0,262145.0,1109227.0,14522060.0,591887.0,53434549.0,22254854.0,5192596.0,41896145.0,7467686.0,118928073.0,1419052.0,7211184.0,625136.0,577433.0,8442569.0,12241992.0,1669858.0,53826823.0,8909697.0,39794249.0,23027539.0,135844672.0,24776311.0,53242708.0,182326951.0,3321729.0,2865625.0,112890104.0,88586732.0,2134997.0,60519766.0,2992111.0,25520821.0,2165847.0,942944479.0,258851379.0,2460387.0,224257188.0,37704405.0,4996583.0,43596.0,68011068.0,1.0,1.0,1.0,1.0,1.0,1,48.1,1026.535
2019-12,1349507223.0,609956812.0,1444943.0,652361.0,1165922.0,4052029.0,500413.0,3818351.0,48439243.0,23486325.0,1912661.0,183010.0,40931.0,5466114.0,251571512.0,933374.0,1479856.0,40598768.0,6037861.0,6189907.0,7773078.0,88342123.0,2061311.0,68054672.0,25562788.0,13784339.0,76125117.0,281266486.0,54683197.0,19386400.0,2414583.0,1570190.0,15852755.0,360704.0,242429.0,1981702.0,11856567.0,574455.0,51074398.0,1361032.0,16826501.0,59482320.0,8482434.0,122923117.0,1718424.0,7143382.0,365420.0,2110533.0,6533108.0,20830529.0,1798377.0,31770773.0,9429225.0,24873655.0,19287190.0,116562227.0,18357581.0,48952054.0,144363756.0,1024084.0,2661425.0,89385132.0,88173072.0,2451398.0,36558038.0,3329633.0,26713292.0,2984011.0,992943842.0,259133361.0,2323299.0,219392481.0,72287927.0,7444132.0,442351.0,57227872.0,1.0,1.0,1.0,1.0,1.0,1,48.1,1072.62
2020-01,1423460263.0,687130214.0,1239785.0,594747.0,1390283.0,2965411.0,371403.0,4387320.0,36017269.0,22638140.0,2108088.0,174178.0,20456.0,4743990.0,305076124.0,1549135.0,2538472.0,49619781.0,13255973.0,16667196.0,8511549.0,68417345.0,1585776.0,33325502.0,14928487.0,8480282.0,58633289.0,210258155.0,63190653.0,28811185.0,2955841.0,952693.0,16375940.0,201247.0,749741.0,1208337.0,13159354.0,3517844.0,53806949.0,27422145.0,14866478.0,66372213.0,8233860.0,110211370.0,1124457.0,11015349.0,737894.0,1006709.0,8463045.0,38794006.0,1213662.0,52056295.0,10308458.0,35124016.0,19843798.0,102579533.0,24997510.0,49316887.0,183528868.0,1270657.0,2874577.0,97137572.0,84833106.0,3635528.0,46704848.0,3968253.0,21804753.0,4171659.0,1155353044.0,291955163.0,2777138.0,199474341.0,63370017.0,9103883.0,225711.0,77033957.0,1.0,1.0,1.0,1.0,1.0,1,51.4,1043.905
2020-02,1248749495.0,632863865.0,1414639.0,270423.0,1290523.0,3465241.0,189629.0,6270254.0,21331079.0,26095284.0,2576230.0,111602.0,74158.0,7870614.0,165688668.0,361755.0,503191.0,41597381.0,3155823.0,11247841.0,10061692.0,68914634.0,1857625.0,57208164.0,20683961.0,11151149.0,53736012.0,220629924.0,40185943.0,22300028.0,2800630.0,1029327.0,13411880.0,402838.0,209232.0,747529.0,11433192.0,303477.0,53759254.0,222015.0,10885630.0,37914401.0,7420848.0,78885912.0,1240035.0,7328126.0,453464.0,1563379.0,6890965.0,21828788.0,955039.0,61186411.0,9454336.0,31691322.0,23229579.0,92269825.0,20904758.0,33157906.0,145820153.0,1088419.0,2441049.0,78443969.0,77361451.0,2285889.0,46352759.0,3411449.0,26055793.0,3660623.0,895606724.0,201715048.0,1959325.0,213849064.0,50220472.0,3246908.0,1152135.0,78347079.0,1.0,1.0,1.0,1.0,1.0,1,50.1,938.58
2020-03,1441631940.0,683294797.0,1264154.0,742333.0,1733625.0,4071283.0,120852.0,5200643.0,63903493.0,31256892.0,2896276.0,108699.0,40814.0,19781549.0,266028057.0,174212.0,1115176.0,41719195.0,14876156.0,4523843.0,15071852.0,73511318.0,3002866.0,53051488.0,21102638.0,8848728.0,71508775.0,296798861.0,71632492.0,35375887.0,3620942.0,1660052.0,17686534.0,456110.0,581629.0,823489.0,14347210.0,2891940.0,23656698.0,14188524.0,17739790.0,73902247.0,11011106.0,128675488.0,1144370.0,7318881.0,285029.0,1249758.0,26001345.0,26713845.0,1270276.0,51573526.0,12478282.0,29644831.0,15185167.0,121246136.0,25841815.0,41116990.0,156352034.0,1156340.0,2364918.0,100554628.0,77022448.0,3011904.0,45024206.0,2926875.0,31206389.0,3126224.0,575730866.0,294014948.0,1036509.0,204079652.0,47843860.0,4018690.0,1177715.0,62324615.0,1.0,1.0,1.0,1.0,1.0,1,49.0,707.35
2020-04,1036966404.0,578319687.0,4373343.0,181751.0,1675001.0,2094841.0,15781.0,2461494.0,23435710.0,16011675.0,905837.0,108605.0,39588.0,11918799.0,230427687.0,487952.0,608352.0,55462569.0,14015290.0,16776589.0,12858051.0,76225095.0,1238623.0,61236831.0,18917202.0,7954409.0,53505516.0,232325423.0,52156302.0,16209018.0,3275812.0,1335837.0,14818743.0,196810.0,408905.0,736668.0,13201204.0,322622.0,69317848.0,862451.0,6399359.0,75623190.0,10897368.0,117598595.0,1745220.0,6183434.0,282739.0,471162.0,7131943.0,6337723.0,690629.0,55736300.0,7761494.0,21660552.0,16407406.0,107433030.0,29928664.0,34827524.0,187534039.0,1083901.0,2389225.0,102789047.0,85996166.0,2760720.0,44955978.0,5089282.0,30095635.0,2728121.0,950881869.0,248871338.0,1448265.0,195884248.0,46835098.0,5337801.0,563112.0,52424293.0,1.0,1.0,1.0,1.0,1.0,1,41.8,657.9
2020-05,1009641755.0,574956822.0,1433394.0,20908.0,1931844.0,2654195.0,309191.0,6457130.0,14256379.0,20291510.0,3002329.0,18088.0,94867.0,5439254.0,239682818.0,646605.0,1172901.0,48798895.0,6347051.0,5699010.0,9257240.0,76224708.0,972354.0,61427343.0,11537171.0,5727934.0,44187703.0,215763137.0,48093684.0,23524012.0,3201339.0,1652072.0,9911105.0,211164.0,517356.0,1212817.0,12407327.0,3646133.0,60043395.0,14076509.0,17809501.0,65181850.0,11107487.0,77919883.0,712453.0,10075266.0,258301.0,902632.0,6837654.0,44099188.0,1111199.0,68235449.0,5474714.0,21999796.0,21607910.0,80219094.0,19971457.0,43149704.0,70756239.0,1771704.0,905572.0,95675112.0,79259861.0,2774288.0,24899336.0,3412834.0,36858206.0,1116032.0,1089634246.0,271320485.0,1581570.0,203528731.0,61114800.0,1960990.0,50534.0,47477925.0,1.0,1.0,1.0,1.0,1.0,1,43.5,683.05
2020-06,1153503626.0,649852122.0,1826018.0,251876.0,1169629.0,2636094.0,65187.0,7854871.0,39939438.0,25322925.0,3866014.0,43318.0,0.0,1162132.0,179604340.0,214122.0,863243.0,39560806.0,3185422.0,15387746.0,13385156.0,63056563.0,1346170.0,40252978.0,10177797.0,7524042.0,58796459.0,196151513.0,38297095.0,24283025.0,3120018.0,1376324.0,11711554.0,166759.0,818741.0,1156188.0,11739418.0,3227248.0,42822248.0,635158.0,14007032.0,75767851.0,8696961.0,122920411.0,1266299.0,7764235.0,556877.0,548309.0,8383910.0,5716558.0,809154.0,48956368.0,10694444.0,17856202.0,10978928.0,27893470.0,27552235.0,17978898.0,71979810.0,530323.0,1166956.0,84063557.0,72019294.0,929885.0,34414381.0,3470031.0,22279439.0,1652138.0,1115015434.0,241907812.0,2008101.0,136888093.0,28781839.0,1529232.0,198920.0,50330387.0,1.0,1.0,1.0,1.0,1.0,1,52.6,820.7149999999999
2020-07,1185167419.0,643987097.0,1913970.0,288961.0,2360289.0,1919084.0,166809.0,8235549.0,22753282.0,31994810.0,3589723.0,211637.0,22028.0,5026309.0,270089694.0,593520.0,1481605.0,46386690.0,7113786.0,5245179.0,10567567.0,66018929.0,1741205.0,51428110.0,14570498.0,9557463.0,59208579.0,184468003.0,33521321.0,19014962.0,2279172.0,1811363.0,14280683.0,241871.0,259526.0,1064142.0,11590819.0,1112317.0,95880037.0,421130.0,3729582.0,72393457.0,8933856.0,106049115.0,1516868.0,9424118.0,273145.0,808116.0,5955575.0,4081070.0,694730.0,60730888.0,11343334.0,29521463.0,8804147.0,29904041.0,25937974.0,21852701.0,114673982.0,1375696.0,2552922.0,107046477.0,84447465.0,1559310.0,37985247.0,4612932.0,22734311.0,2559026.0,1229936153.0,204872581.0,1530900.0,136384778.0,26362948.0,2234125.0,588936.0,38794005.0,1.0,1.0,1.0,1.0,1.0,1,53.8,813.76
2020-08,1246330704.0,645534737.0,2263225.0,667508.0,1630602.0,2272292.0,149134.0,6671602.0,33070590.0,28320544.0,3274459.0,230991.0,20335.0,8639546.0,91999658.0,295931.0,659959.0,30757065.0,11964299.0,4382841.0,10166122.0,74028467.0,901161.0,50163442.0,10230666.0,10398686.0,50055749.0,197482284.0,42761185.0,15220698.0,2427850.0,1530632.0,21252999.0,249806.0,735713.0,1093015.0,13658861.0,1225843.0,40347678.0,666884.0,6313658.0,64017094.0,10199084.0,102334241.0,1874281.0,10022126.0,233967.0,512962.0,6588310.0,6574267.0,827211.0,60854683.0,12866605.0,22825025.0,6180507.0,77179887.0,20240774.0,15856424.0,127951145.0,482394.0,2004328.0,107145816.0,89466402.0,2457406.0,37524712.0,4335904.0,15649594.0,2620206.0,1215324698.0,181695971.0,2719292.0,136730145.0,34229577.0,1846261.0,650739.0,32066883.0,1.0,1.0,1.0,1.0,1.0,1,55.4,866.37
2020-09,1220326790.0,638242084.0,1934483.0,691294.0,2238882.0,2693243.0,325008.0,8987013.0,36802425.0,31654430.0,3741341.0,367186.0,0.0,7358532.0,117138768.0,1110697.0,2358395.0,26040576.0,10695518.0,9939190.0,7481328.0,85277623.0,1426999.0,51550502.0,17667226.0,13757186.0,39639710.0,208059593.0,31287801.0,13747650.0,2672263.0,1661333.0,16936863.0,481282.0,805056.0,1465168.0,12492521.0,146000.0,36231374.0,521752.0,8670152.0,33464552.0,7438318.0,86936750.0,1687395.0,10636180.0,357883.0,641872.0,6037753.0,6369646.0,529446.0,41108806.0,9720000.0,24024903.0,11011853.0,99927688.0,21188869.0,24877312.0,137945870.0,1083281.0,2846704.0,107782122.0,83368263.0,2240358.0,42907102.0,3027311.0,22925483.0,3285305.0,1195755780.0,163019971.0,1295627.0,167209832.0,32482528.0,2706936.0,299034.0,71245820.0,1.0,1.0,1.0,1.0,1.0,1,55.5,905.415
2020-10,1273797546.0,704450625.0,1458771.0,905197.0,2324704.0,3350853.0,310345.0,6492466.0,36052447.0,27871505.0,4482318.0,178899.0,78780.0,8100574.0,145401724.0,605726.0,1960974.0,53522698.0,10981898.0,22956978.0,9842038.0,63251177.0,1416741.0,60330045.0,16459992.0,10661167.0,59190748.0,218357534.0,41982270.0,16267440.0,2479399.0,1477159.0,14012433.0,337489.0,485153.0,1055989.0,16029088.0,1705667.0,39513982.0,16136296.0,18357705.0,31093602.0,7532657.0,102256638.0,617109.0,9137559.0,198510.0,803166.0,6239635.0,6507687.0,1286676.0,56658282.0,11765401.0,23839470.0,13611876.0,86094269.0,29595328.0,26413697.0,161188600.0,542800.0,2725162.0,114122093.0,91188763.0,3028201.0,40876479.0,4772949.0,17929283.0,3528296.0,1270508186.0,216053557.0,1876833.0,175269576.0,32428202.0,2626781.0,303090.0,54874970.0,1.0,1.0,1.0,1.0,1.0,1,58.7,923.325
2020-11,1253303020.0,665085553.0,2454471.0,662815.0,1855412.0,3106786.0,228577.0,6441283.0,55510864.0,25449801.0,4129453.0,122924.0,19667.0,9134829.0,76159082.0,381579.0,1508149.0,34532342.0,13005389.0,14995736.0,8113205.0,77634212.0,2165827.0,54540015.0,12338238.0,6219507.0,53435450.0,213128507.0,47235928.0,18081764.0,3021600.0,1738496.0,16997935.0,352004.0,693774.0,1648012.0,18552685.0,221863.0,71424483.0,113874.0,6370214.0,39375041.0,10281456.0,125976194.0,519314.0,8027929.0,27770.0,588527.0,6216905.0,5176828.0,1019808.0,55210685.0,13946923.0,30696225.0,19551108.0,120965259.0,21111330.0,20521309.0,141611068.0,736256.0,2132880.0,110322301.0,98596695.0,2380410.0,39453443.0,4112725.0,16348043.0,3078814.0,1217323839.0,195282057.0,2334919.0,183351786.0,48864776.0,1684921.0,368732.0,76323549.0,1.0,1.0,1.0,1.0,1.0,1,57.3,1037.56
2020-12,1292975299.0,666447040.0,1535481.0,739431.0,1767565.0,3136027.0,271399.0,4999523.0,31359591.0,33328691.0,4092239.0,282186.0,103797.0,4612071.0,285207229.0,89102.0,2263077.0,62256262.0,17738126.0,12842178.0,5249518.0,79877955.0,1968679.0,87541430.0,11688819.0,5212095.0,61212161.0,220855687.0,41541042.0,16046285.0,2396259.0,1900846.0,16011969.0,391525.0,705892.0,1288834.0,16984736.0,1799410.0,91149534.0,14660389.0,221051.0,36967814.0,7588704.0,118316458.0,736054.0,7388141.0,227308.0,773792.0,8884822.0,4787607.0,1221482.0,37539285.0,15375434.0,27661446.0,13272784.0,92243530.0,26723273.0,27411879.0,145907402.0,738636.0,2491930.0,93639430.0,84458581.0,2923971.0,51580670.0,3297667.0,15730523.0,2189782.0,1263668010.0,274508198.0,2175371.0,181066041.0,36830414.0,1258728.0,144400.0,78695038.0,1.0,1.0,1.0,1.0,1.0,1,60.2,1235.865
2021-01,1486217428.0,757790825.0,1610865.0,494478.0,2760103.0,2572381.0,217843.0,4702969.0,58394682.0,26237221.0,4175049.0,76898.0,239333.0,15045235.0,168580298.0,393866.0,702689.0,29584527.0,14269608.0,27220811.0,6363655.0,57160139.0,1140097.0,23189572.0,14903620.0,6339513.0,45599487.0,168982740.0,42111344.0,13393092.0,3127064.0,2229448.0,15496453.0,717130.0,874845.0,1758893.0,15299451.0,1614118.0,49408955.0,227627.0,16988699.0,41227822.0,10106703.0,119760033.0,797867.0,4629393.0,83792.0,388465.0,9604640.0,12554145.0,1634246.0,65150996.0,10715194.0,32570251.0,13889411.0,100026538.0,23560828.0,37513402.0,162654027.0,1265806.0,2667273.0,101122405.0,104315095.0,2636289.0,39008720.0,4466731.0,22016158.0,2409750.0,1286555255.0,212492641.0,1899240.0,174990084.0,26653121.0,1422622.0,127672.0,45584116.0,1.0,1.0,1.0,1.0,1.0,1,59.2,1362.67
2021-02,1508455338.0,693285803.0,3097465.0,443077.0,3024802.0,3677513.0,372264.0,4175484.0,51542005.0,32132773.0,3762062.0,196598.0,162181.0,18701863.0,283183263.0,40745.0,626990.0,32293357.0,14050019.0,2020327.0,7611135.0,101690675.0,3123006.0,46395369.0,16620316.0,11797346.0,53187366.0,190689189.0,53229554.0,14069477.0,1624091.0,2148428.0,13489801.0,296405.0,394043.0,1785120.0,13308351.0,1127937.0,56174934.0,473799.0,15008106.0,38577473.0,9660562.0,92166555.0,1325299.0,5706340.0,448103.0,1312290.0,9478176.0,13733019.0,1826121.0,72780171.0,16961600.0,19381577.0,17182123.0,94279436.0,26849969.0,36160881.0,147891131.0,552103.0,2216604.0,72368194.0,74836823.0,2673934.0,62322856.0,3243811.0,20159282.0,2977337.0,1204598501.0,276061627.0,1301800.0,169558283.0,38120815.0,1159166.0,57189.0,59048588.0,1.0,1.0,1.0,1.0,1.0,1,60.4,1387.695
2021-03,1859303726.0,909689612.0,3020924.0,892921.0,2763883.0,3113199.0,491200.0,13918881.0,79190476.0,40551132.0,4454769.0,260477.0,332238.0,11487666.0,303686442.0,142401.0,580335.0,49621835.0,12825551.0,16076772.0,8748525.0,116342445.0,1396581.0,74322945.0,20397473.0,19472446.0,65167041.0,267231635.0,54853325.0,24719198.0,2926471.0,3552657.0,17381025.0,470606.0,879234.0,2355980.0,19528112.0,2633192.0,101772908.0,12564335.0,32981402.0,69613323.0,11001274.0,115603780.0,2397700.0,6986267.0,162044.0,830705.0,13097463.0,23399239.0,2818922.0,80936915.0,17230274.0,39496033.0,14633042.0,118607624.0,41572460.0,40901144.0,193773827.0,1732457.0,2748219.0,138501770.0,123863052.0,3848407.0,66245106.0,4458542.0,21680981.0,2295527.0,1406117221.0,338245720.0,1722493.0,236456649.0,75626414.0,1219139.0,95275.0,76662675.0,1.0,1.0,1.0,1.0,1.0,1,63.8,1508.69
2021-04,1903150184.0,978263415.0,2585865.0,1076380.0,2220450.0,2210118.0,602909.0,7256290.0,58019846.0,46719554.0,4494506.0,180366.0,595023.0,23827518.0,408537066.0,599485.0,2291971.0,68053370.0,12240723.0,13968161.0,8767903.0,102860564.0,2273583.0,73910316.0,20820061.0,7384974.0,67603753.0,240926533.0,65909982.0,29863903.0,3137914.0,4024556.0,15307609.0,969399.0,724399.0,1995323.0,20526075.0,660433.0,69140098.0,404284.0,36197.0,59825169.0,11659034.0,126708657.0,2561120.0,8611468.0,130931.0,975601.0,11966968.0,38916565.0,2947321.0,96627020.0,11095681.0,27216002.0,16001532.0,88200304.0,35107003.0,44892963.0,213641435.0,1411249.0,2649744.0,132268299.0,117712659.0,3799428.0,74118121.0,4370987.0,26071858.0,3140902.0,1288157568.0,332967738.0,1677564.0,246936424.0,46403685.0,1780023.0,365773.0,89957528.0,1.0,1.0,1.0,1.0,1.0,1,60.8,1665.54
2021-05,1913731754.0,894922815.0,3773773.0,781715.0,3645854.0,3756884.0,393990.0,8742000.0,70089003.0,35019427.0,3971646.0,263325.0,198520.0,14847019.0,406691780.0,942550.0,934518.0,73223273.0,15369872.0,12942496.0,9729715.0,103898939.0,1772586.0,95608203.0,25973172.0,15795782.0,64309905.0,288335468.0,61159532.0,13182788.0,4032242.0,3472255.0,18595201.0,113648.0,387071.0,3616586.0,18279054.0,3857746.0,143399297.0,14541452.0,20525368.0,72646087.0,13329276.0,120088893.0,4267491.0,10378682.0,236017.0,565363.0,11932070.0,29105176.0,2732765.0,96468301.0,13132745.0,31865368.0,22034514.0,152046708.0,41230185.0,67900907.0,222686391.0,3406828.0,1518648.0,159796596.0,148406735.0,3757878.0,70242630.0,4916762.0,31184480.0,2723835.0,1433123515.0,328422857.0,2100905.0,253146705.0,51593402.0,883740.0,251242.0,54334660.0,1.0,1.0,1.0,1.0,1.0,1,61.6,1828.85
2021-06,2105173084.0,1029942508.0,4104203.0,1134016.0,4386903.0,3481213.0,467957.0,8326636.0,75807834.0,39997347.0,4738510.0,548626.0,260085.0,20483781.0,413592427.0,168223.0,1149371.0,49052014.0,22240938.0,31398427.0,8036887.0,103067443.0,2034431.0,102040498.0,20212268.0,15981406.0,78355952.0,260856559.0,67483448.0,11610549.0,3675954.0,3353189.0,18769625.0,332772.0,923375.0,1432444.0,17977444.0,2600168.0,111056483.0,2311541.0,48400846.0,81932613.0,15613401.0,153600763.0,1643785.0,9528377.0,25792.0,1029236.0,10503424.0,24338362.0,5535943.0,122837363.0,13918866.0,47663962.0,15257746.0,117069688.0,42240517.0,11313253.0,217941611.0,3079407.0,2138691.0,137320877.0,134454076.0,3037368.0,80553992.0,5186376.0,32839907.0,2497545.0,1440275707.0,406688752.0,2387640.0,293681647.0,93888772.0,1540416.0,881053.0,112054247.0,1.0,1.0,1.0,1.0,1.0,1,61.3,1775.39
2021-07,2094780820.0,1072854256.0,2186842.0,769100.0,3529786.0,3469032.0,735463.0,11902064.0,92674643.0,46207896.0,5344436.0,829744.0,273877.0,14395886.0,397061149.0,76355.0,798135.0,61635926.0,7306575.0,20354735.0,12192553.0,157140716.0,3118181.0,96995911.0,25956763.0,11630468.0,76594615.0,259392606.0,63597620.0,14651241.0,2860092.0,4545341.0,15940747.0,156624.0,480382.0,3860144.0,19740291.0,2126054.0,133985150.0,11461422.0,2810361.0,51324714.0,12048157.0,157544652.0,1301537.0,6947016.0,169388.0,501733.0,12010139.0,45402812.0,2089947.0,86789511.0,11988642.0,29600995.0,20336683.0,142331763.0,42607044.0,22606938.0,224924464.0,7139876.0,3887115.0,124623111.0,194530994.0,3317131.0,49988135.0,3704048.0,27036130.0,3459845.0,1393052877.0,439392701.0,2227296.0,215007607.0,63037093.0,1824855.0,459958.0,116140078.0,1.0,1.0,1.0,1.0,1.0,1,60.2,1770.37
2021-08,2304995424.0,1147361870.0,4858145.0,1641124.0,4054273.0,5023556.0,618515.0,25327474.0,78201150.0,43698793.0,5068449.0,184642.0,534653.0,19374476.0,474374081.0,76289.0,2045977.0,60466752.0,31111528.0,7117036.0,7079659.0,85429995.0,1756050.0,74909051.0,25392249.0,11493451.0,81683692.0,278798287.0,80941311.0,11895695.0,4162776.0,3417711.0,18579809.0,69990.0,2083371.0,2974466.0,20704884.0,897559.0,46954993.0,10370653.0,23853083.0,77726049.0,14381850.0,148581678.0,1287090.0,10315523.0,139199.0,1168826.0,14776116.0,7443443.0,3306073.0,103928717.0,13582367.0,45729447.0,14907777.0,130095140.0,51416791.0,55140854.0,222477579.0,3242956.0,4084691.0,168824243.0,175667355.0,4450795.0,47666673.0,3783375.0,32590467.0,4851510.0,1593682644.0,339133042.0,2382506.0,229514391.0,110094936.0,1189094.0,253784.0,86985333.0,1.0,1.0,1.0,1.0,1.0,1,59.8,1807.2
2021-09,2334350974.0,1182089450.0,3331694.0,1036351.0,3618614.0,4282674.0,642522.0,13693363.0,86644667.0,45667091.0,5428565.0,650267.0,329571.0,26859229.0,496758076.0,185679.0,926268.0,55120389.0,29249750.0,9366930.0,8476187.0,123129616.0,2328108.0,105961440.0,25808852.0,12730781.0,68034608.0,291118283.0,80269675.0,13348184.0,3214352.0,3530887.0,13489305.0,234614.0,2195687.0,3845486.0,21388260.0,4559553.0,142194861.0,18776856.0,35711534.0,44353104.0,10550055.0,107331713.0,904982.0,8517420.0,264576.0,564570.0,13273539.0,48794766.0,4007232.0,157393675.0,13632176.0,48831554.0,25472335.0,81771509.0,34397836.0,57414396.0,268867162.0,701613.0,3745553.0,177375784.0,176784267.0,3000594.0,41853825.0,2814086.0,31342850.0,2005161.0,1529996090.0,468502729.0,2962055.0,236233607.0,39782968.0,2266161.0,252382.0,67597327.0,1.0,1.0,1.0,1.0,1.0,1,60.8,1650.15
2021-10,2488429887.0,1262325770.0,5155709.0,882265.0,3720128.0,6239825.0,469940.0,20618717.0,159190.0,39547033.0,4463250.0,595912.0,282531.0,12456161.0,322264673.0,0.0,264909.0,50837575.0,19598346.0,18231478.0,7538780.0,87848746.0,1465918.0,93866225.0,36122619.0,8428019.0,60562341.0,270010021.0,85890518.0,17748810.0,3762213.0,4628690.0,16981497.0,605309.0,280459.0,2433756.0,18158558.0,3495513.0,67582246.0,22783722.0,28670936.0,60078200.0,12438617.0,132704171.0,660005.0,6853267.0,114385.0,809679.0,10683291.0,15497525.0,2182273.0,182520408.0,12749215.0,28725595.0,26401195.0,185111448.0,49561106.0,118872739.0,301040158.0,1561997.0,3629640.0,151408393.0,194018752.0,3690265.0,35444272.0,4383840.0,35293133.0,3280870.0,1479714558.0,409510720.0,2061179.0,218235504.0,102239554.0,981813.0,109224.0,222939353.0,1.0,1.0,1.0,1.0,1.0,1,60.7,1564.0949999999998
2021-11,2440523618.0,1260558576.0,11249040.0,757186.0,3968166.0,4878189.0,395440.0,11372215.0,53112421.0,44147868.0,4592310.0,676189.0,488842.0,49737559.0,280635312.0,179544.0,2267645.0,57845851.0,38340375.0,26096488.0,6854185.0,98085326.0,1876790.0,150397968.0,21410787.0,19711002.0,97458182.0,291393131.0,87504422.0,24111103.0,3265386.0,5465181.0,16427799.0,207350.0,994164.0,4634931.0,19643675.0,419569.0,98319042.0,1902034.0,25112015.0,63079604.0,15152544.0,130386267.0,828299.0,7997992.0,26434.0,9050274.0,18507864.0,45817739.0,3746928.0,164430910.0,17889411.0,47546510.0,20038292.0,181453168.0,42247049.0,188955719.0,282398679.0,14775094.0,3643379.0,170939867.0,310971759.0,4878857.0,103940642.0,3201251.0,33693876.0,3187482.0,1582705745.0,450420315.0,4008014.0,317629772.0,61021372.0,5367072.0,5651.0,39441604.0,1.0,1.0,1.0,1.0,1.0,1,60.8,1510.09
2021-12,2205861663.0,1290992000.0,4996422.0,748951.0,3512761.0,5357935.0,462491.0,10838129.0,83119594.0,48604547.0,5955540.0,258235.0,233684.0,24919813.0,326209346.0,464279.0,1421861.0,64704532.0,17375389.0,15548021.0,7378579.0,106284796.0,2624116.0,92254304.0,49441644.0,7930071.0,84187771.0,281875828.0,87784244.0,22868415.0,3632046.0,4296247.0,13959287.0,346335.0,807929.0,3304973.0,20472977.0,3599210.0,88824211.0,27364386.0,2443193.0,79371141.0,26078405.0,138066652.0,824484.0,8106036.0,370368.0,4406728.0,15687459.0,35897192.0,2646863.0,158936351.0,15943119.0,37806193.0,25510256.0,187738679.0,55622159.0,79121769.0,315383041.0,520516.0,3273074.0,145471141.0,290956315.0,2964141.0,63802403.0,2680038.0,36582055.0,2129078.0,1688510220.0,513325090.0,3013608.0,219746644.0,117596804.0,1175086.0,94683.0,175594169.0,1.0,1.0,1.0,1.0,1.0,1,58.3,1513.67
